Sample_ID,Sample Name,Source Plate Barcode,Source Plate Name,Source Well,Destination Plate Barcode,Destination Plate Name,Destination Well,Volume
NRC1124_run1_c17606,NRC1124_run1_c17606,Plate_Source,Plate_Source,A1,Plate_Destination,Plate_Destination,A1,100
NRC1124_run1_c17356,NRC1124_run1_c17356,Plate_Source,Plate_Source,A2,Plate_Destination,Plate_Destination,A2,100
NRC1124_run1_c27812,NRC1124_run1_c27812,Plate_Source,Plate_Source,A3,Plate_Destination,Plate_Destination,A3,100
NRC1124_run1_c28386,NRC1124_run1_c28386,Plate_Source,Plate_Source,A4,Plate_Destination,Plate_Destination,A4,100
NRC1124_run1_c28409,NRC1124_run1_c28409,Plate_Source,Plate_Source,A5,Plate_Destination,Plate_Destination,A5,100
NRC1124_run1_c26143,NRC1124_run1_c26143,Plate_Source,Plate_Source,A6,Plate_Destination,Plate_Destination,A6,100
NRC1124_run1_c28274,NRC1124_run1_c28274,Plate_Source,Plate_Source,A7,Plate_Destination,Plate_Destination,A7,100
NRC1124_run1_c25985,NRC1124_run1_c25985,Plate_Source,Plate_Source,A8,Plate_Destination,Plate_Destination,A8,100
NRC1124_run1_c28278,NRC1124_run1_c28278,Plate_Source,Plate_Source,A9,Plate_Destination,Plate_Destination,A9,100
NRC1124_run1_c25823,NRC1124_run1_c25823,Plate_Source,Plate_Source,A10,Plate_Destination,Plate_Destination,A10,100
NRC1124_run1_c25762,NRC1124_run1_c25762,Plate_Source,Plate_Source,A11,Plate_Destination,Plate_Destination,A11,100
NRC1124_run1_c27992,NRC1124_run1_c27992,Plate_Source,Plate_Source,A12,Plate_Destination,Plate_Destination,A12,100
NRC1124_run1_c25896,NRC1124_run1_c25896,Plate_Source,Plate_Source,A13,Plate_Destination,Plate_Destination,A13,100
NRC1124_run1_c25825,NRC1124_run1_c25825,Plate_Source,Plate_Source,A14,Plate_Destination,Plate_Destination,A14,100
NRC1124_run1_c26149,NRC1124_run1_c26149,Plate_Source,Plate_Source,A15,Plate_Destination,Plate_Destination,A15,100
NRC1124_run1_c28070,NRC1124_run1_c28070,Plate_Source,Plate_Source,A16,Plate_Destination,Plate_Destination,A16,100
NRC1124_run1_c26060,NRC1124_run1_c26060,Plate_Source,Plate_Source,A17,Plate_Destination,Plate_Destination,A17,100
NRC1124_run1_c25934,NRC1124_run1_c25934,Plate_Source,Plate_Source,A18,Plate_Destination,Plate_Destination,A18,100
NRC1124_run1_c17631,NRC1124_run1_c17631,Plate_Source,Plate_Source,A19,Plate_Destination,Plate_Destination,A19,100
NRC1124_run1_c25801,NRC1124_run1_c25801,Plate_Source,Plate_Source,A20,Plate_Destination,Plate_Destination,A20,100
NRC1124_run1_c25788,NRC1124_run1_c25788,Plate_Source,Plate_Source,A21,Plate_Destination,Plate_Destination,A21,100
NRC1124_run1_c17467,NRC1124_run1_c17467,Plate_Source,Plate_Source,A22,Plate_Destination,Plate_Destination,A22,100
NRC1124_run1_c27760,NRC1124_run1_c27760,Plate_Source,Plate_Source,A23,Plate_Destination,Plate_Destination,A23,100
NRC1124_run1_c27917,NRC1124_run1_c27917,Plate_Source,Plate_Source,A24,Plate_Destination,Plate_Destination,A24,100
NRC1124_run1_c2393,NRC1124_run1_c2393,Plate_Source,Plate_Source,B1,Plate_Destination,Plate_Destination,B1,100
NRC1124_run1_c27656,NRC1124_run1_c27656,Plate_Source,Plate_Source,B2,Plate_Destination,Plate_Destination,B2,100
NRC1124_run1_c27932,NRC1124_run1_c27932,Plate_Source,Plate_Source,B3,Plate_Destination,Plate_Destination,B3,100
NRC1124_run1_c27711,NRC1124_run1_c27711,Plate_Source,Plate_Source,B4,Plate_Destination,Plate_Destination,B4,100
NRC1124_run1_c17636,NRC1124_run1_c17636,Plate_Source,Plate_Source,B5,Plate_Destination,Plate_Destination,B5,100
NRC1124_run1_c25778,NRC1124_run1_c25778,Plate_Source,Plate_Source,B6,Plate_Destination,Plate_Destination,B6,100
NRC1124_run1_c28377,NRC1124_run1_c28377,Plate_Source,Plate_Source,B7,Plate_Destination,Plate_Destination,B7,100
NRC1124_run1_c26031,NRC1124_run1_c26031,Plate_Source,Plate_Source,B8,Plate_Destination,Plate_Destination,B8,100
NRC1124_run1_c28303,NRC1124_run1_c28303,Plate_Source,Plate_Source,B9,Plate_Destination,Plate_Destination,B9,100
NRC1124_run1_c25848,NRC1124_run1_c25848,Plate_Source,Plate_Source,B10,Plate_Destination,Plate_Destination,B10,100
NRC1124_run1_c25794,NRC1124_run1_c25794,Plate_Source,Plate_Source,B11,Plate_Destination,Plate_Destination,B11,100
NRC1124_run1_c28028,NRC1124_run1_c28028,Plate_Source,Plate_Source,B12,Plate_Destination,Plate_Destination,B12,100
NRC1124_run1_c27843,NRC1124_run1_c27843,Plate_Source,Plate_Source,B13,Plate_Destination,Plate_Destination,B13,100
NRC1124_run1_c2584,NRC1124_run1_c2584,Plate_Source,Plate_Source,B14,Plate_Destination,Plate_Destination,B14,100
NRC1124_run1_c26162,NRC1124_run1_c26162,Plate_Source,Plate_Source,B15,Plate_Destination,Plate_Destination,B15,100
NRC1124_run1_c28079,NRC1124_run1_c28079,Plate_Source,Plate_Source,B16,Plate_Destination,Plate_Destination,B16,100
NRC1124_run1_c26061,NRC1124_run1_c26061,Plate_Source,Plate_Source,B17,Plate_Destination,Plate_Destination,B17,100
NRC1124_run1_c26040,NRC1124_run1_c26040,Plate_Source,Plate_Source,B18,Plate_Destination,Plate_Destination,B18,100
NRC1124_run1_c25998,NRC1124_run1_c25998,Plate_Source,Plate_Source,B19,Plate_Destination,Plate_Destination,B19,100
NRC1124_run1_c26093,NRC1124_run1_c26093,Plate_Source,Plate_Source,B20,Plate_Destination,Plate_Destination,B20,100
NRC1124_run1_c25878,NRC1124_run1_c25878,Plate_Source,Plate_Source,B21,Plate_Destination,Plate_Destination,B21,100
NRC1124_run1_c17568,NRC1124_run1_c17568,Plate_Source,Plate_Source,B22,Plate_Destination,Plate_Destination,B22,100
NRC1124_run1_c27761,NRC1124_run1_c27761,Plate_Source,Plate_Source,B23,Plate_Destination,Plate_Destination,B23,100
NRC1124_run1_c26339,NRC1124_run1_c26339,Plate_Source,Plate_Source,B24,Plate_Destination,Plate_Destination,B24,100
NRC1124_run1_c26115,NRC1124_run1_c26115,Plate_Source,Plate_Source,C1,Plate_Destination,Plate_Destination,C1,100
NRC1124_run1_c25908,NRC1124_run1_c25908,Plate_Source,Plate_Source,C2,Plate_Destination,Plate_Destination,C2,100
NRC1124_run1_c2687,NRC1124_run1_c2687,Plate_Source,Plate_Source,C3,Plate_Destination,Plate_Destination,C3,100
NRC1124_run1_c17513,NRC1124_run1_c17513,Plate_Source,Plate_Source,C4,Plate_Destination,Plate_Destination,C4,100
NRC1124_run1_c25826,NRC1124_run1_c25826,Plate_Source,Plate_Source,C5,Plate_Destination,Plate_Destination,C5,100
NRC1124_run1_c27901,NRC1124_run1_c27901,Plate_Source,Plate_Source,C6,Plate_Destination,Plate_Destination,C6,100
NRC1124_run1_c17348,NRC1124_run1_c17348,Plate_Source,Plate_Source,C7,Plate_Destination,Plate_Destination,C7,100
NRC1124_run1_c26078,NRC1124_run1_c26078,Plate_Source,Plate_Source,C8,Plate_Destination,Plate_Destination,C8,100
NRC1124_run1_c28311,NRC1124_run1_c28311,Plate_Source,Plate_Source,C9,Plate_Destination,Plate_Destination,C9,100
NRC1124_run1_c25917,NRC1124_run1_c25917,Plate_Source,Plate_Source,C10,Plate_Destination,Plate_Destination,C10,100
NRC1124_run1_c25838,NRC1124_run1_c25838,Plate_Source,Plate_Source,C11,Plate_Destination,Plate_Destination,C11,100
NRC1124_run1_c28035,NRC1124_run1_c28035,Plate_Source,Plate_Source,C12,Plate_Destination,Plate_Destination,C12,100
NRC1124_run1_c17429,NRC1124_run1_c17429,Plate_Source,Plate_Source,C13,Plate_Destination,Plate_Destination,C13,100
NRC1124_run1_c25864,NRC1124_run1_c25864,Plate_Source,Plate_Source,C14,Plate_Destination,Plate_Destination,C14,100
NRC1124_run1_c26247,NRC1124_run1_c26247,Plate_Source,Plate_Source,C15,Plate_Destination,Plate_Destination,C15,100
NRC1124_run1_c28146,NRC1124_run1_c28146,Plate_Source,Plate_Source,C16,Plate_Destination,Plate_Destination,C16,100
NRC1124_run1_c2608,NRC1124_run1_c2608,Plate_Source,Plate_Source,C17,Plate_Destination,Plate_Destination,C17,100
NRC1124_run1_c26054,NRC1124_run1_c26054,Plate_Source,Plate_Source,C18,Plate_Destination,Plate_Destination,C18,100
NRC1124_run1_c26059,NRC1124_run1_c26059,Plate_Source,Plate_Source,C19,Plate_Destination,Plate_Destination,C19,100
NRC1124_run1_c26412,NRC1124_run1_c26412,Plate_Source,Plate_Source,C20,Plate_Destination,Plate_Destination,C20,100
NRC1124_run1_c2637,NRC1124_run1_c2637,Plate_Source,Plate_Source,C21,Plate_Destination,Plate_Destination,C21,100
NRC1124_run1_c2307,NRC1124_run1_c2307,Plate_Source,Plate_Source,C22,Plate_Destination,Plate_Destination,C22,100
NRC1124_run1_c27849,NRC1124_run1_c27849,Plate_Source,Plate_Source,C23,Plate_Destination,Plate_Destination,C23,100
NRC1124_run1_c17337,NRC1124_run1_c17337,Plate_Source,Plate_Source,C24,Plate_Destination,Plate_Destination,C24,100
NRC1124_run1_c28113,NRC1124_run1_c28113,Plate_Source,Plate_Source,D1,Plate_Destination,Plate_Destination,D1,100
NRC1124_run1_c2575,NRC1124_run1_c2575,Plate_Source,Plate_Source,D2,Plate_Destination,Plate_Destination,D2,100
NRC1124_run1_c17507,NRC1124_run1_c17507,Plate_Source,Plate_Source,D3,Plate_Destination,Plate_Destination,D3,100
NRC1124_run1_c25872,NRC1124_run1_c25872,Plate_Source,Plate_Source,D4,Plate_Destination,Plate_Destination,D4,100
NRC1124_run1_c27768,NRC1124_run1_c27768,Plate_Source,Plate_Source,D5,Plate_Destination,Plate_Destination,D5,100
NRC1124_run1_c17286,NRC1124_run1_c17286,Plate_Source,Plate_Source,D6,Plate_Destination,Plate_Destination,D6,100
NRC1124_run1_c17360,NRC1124_run1_c17360,Plate_Source,Plate_Source,D7,Plate_Destination,Plate_Destination,D7,100
NRC1124_run1_c26147,NRC1124_run1_c26147,Plate_Source,Plate_Source,D8,Plate_Destination,Plate_Destination,D8,100
NRC1124_run1_c17357,NRC1124_run1_c17357,Plate_Source,Plate_Source,D9,Plate_Destination,Plate_Destination,D9,100
NRC1124_run1_c26000,NRC1124_run1_c26000,Plate_Source,Plate_Source,D10,Plate_Destination,Plate_Destination,D10,100
NRC1124_run1_c25939,NRC1124_run1_c25939,Plate_Source,Plate_Source,D11,Plate_Destination,Plate_Destination,D11,100
NRC1124_run1_c28093,NRC1124_run1_c28093,Plate_Source,Plate_Source,D12,Plate_Destination,Plate_Destination,D12,100
NRC1124_run1_c17489,NRC1124_run1_c17489,Plate_Source,Plate_Source,D13,Plate_Destination,Plate_Destination,D13,100
NRC1124_run1_c25909,NRC1124_run1_c25909,Plate_Source,Plate_Source,D14,Plate_Destination,Plate_Destination,D14,100
NRC1124_run1_c26290,NRC1124_run1_c26290,Plate_Source,Plate_Source,D15,Plate_Destination,Plate_Destination,D15,100
NRC1124_run1_c28175,NRC1124_run1_c28175,Plate_Source,Plate_Source,D16,Plate_Destination,Plate_Destination,D16,100
NRC1124_run1_c26365,NRC1124_run1_c26365,Plate_Source,Plate_Source,D17,Plate_Destination,Plate_Destination,D17,100
NRC1124_run1_c27735,NRC1124_run1_c27735,Plate_Source,Plate_Source,D18,Plate_Destination,Plate_Destination,D18,100
NRC1124_run1_c26270,NRC1124_run1_c26270,Plate_Source,Plate_Source,D19,Plate_Destination,Plate_Destination,D19,100
NRC1124_run1_c27684,NRC1124_run1_c27684,Plate_Source,Plate_Source,D20,Plate_Destination,Plate_Destination,D20,100
NRC1124_run1_c26381,NRC1124_run1_c26381,Plate_Source,Plate_Source,D21,Plate_Destination,Plate_Destination,D21,100
NRC1124_run1_c2309,NRC1124_run1_c2309,Plate_Source,Plate_Source,D22,Plate_Destination,Plate_Destination,D22,100
NRC1124_run1_c27873,NRC1124_run1_c27873,Plate_Source,Plate_Source,D23,Plate_Destination,Plate_Destination,D23,100
NRC1124_run1_c2550,NRC1124_run1_c2550,Plate_Source,Plate_Source,D24,Plate_Destination,Plate_Destination,D24,100
NRC1124_run1_c28233,NRC1124_run1_c28233,Plate_Source,Plate_Source,E1,Plate_Destination,Plate_Destination,E1,100
NRC1124_run1_c17585,NRC1124_run1_c17585,Plate_Source,Plate_Source,E2,Plate_Destination,Plate_Destination,E2,100
NRC1124_run1_c26017,NRC1124_run1_c26017,Plate_Source,Plate_Source,E3,Plate_Destination,Plate_Destination,E3,100
NRC1124_run1_c26494,NRC1124_run1_c26494,Plate_Source,Plate_Source,E4,Plate_Destination,Plate_Destination,E4,100
NRC1124_run1_c17557,NRC1124_run1_c17557,Plate_Source,Plate_Source,E5,Plate_Destination,Plate_Destination,E5,100
NRC1124_run1_c2498,NRC1124_run1_c2498,Plate_Source,Plate_Source,E6,Plate_Destination,Plate_Destination,E6,100
NRC1124_run1_c17436,NRC1124_run1_c17436,Plate_Source,Plate_Source,E7,Plate_Destination,Plate_Destination,E7,100
NRC1124_run1_c26198,NRC1124_run1_c26198,Plate_Source,Plate_Source,E8,Plate_Destination,Plate_Destination,E8,100
NRC1124_run1_c27837,NRC1124_run1_c27837,Plate_Source,Plate_Source,E9,Plate_Destination,Plate_Destination,E9,100
NRC1124_run1_c27791,NRC1124_run1_c27791,Plate_Source,Plate_Source,E10,Plate_Destination,Plate_Destination,E10,100
NRC1124_run1_c25959,NRC1124_run1_c25959,Plate_Source,Plate_Source,E11,Plate_Destination,Plate_Destination,E11,100
NRC1124_run1_c28107,NRC1124_run1_c28107,Plate_Source,Plate_Source,E12,Plate_Destination,Plate_Destination,E12,100
NRC1124_run1_c17495,NRC1124_run1_c17495,Plate_Source,Plate_Source,E13,Plate_Destination,Plate_Destination,E13,100
NRC1124_run1_c25931,NRC1124_run1_c25931,Plate_Source,Plate_Source,E14,Plate_Destination,Plate_Destination,E14,100
NRC1124_run1_c26347,NRC1124_run1_c26347,Plate_Source,Plate_Source,E15,Plate_Destination,Plate_Destination,E15,100
NRC1124_run1_c28287,NRC1124_run1_c28287,Plate_Source,Plate_Source,E16,Plate_Destination,Plate_Destination,E16,100
NRC1124_run1_c26382,NRC1124_run1_c26382,Plate_Source,Plate_Source,E17,Plate_Destination,Plate_Destination,E17,100
NRC1124_run1_c2504,NRC1124_run1_c2504,Plate_Source,Plate_Source,E18,Plate_Destination,Plate_Destination,E18,100
NRC1124_run1_c26390,NRC1124_run1_c26390,Plate_Source,Plate_Source,E19,Plate_Destination,Plate_Destination,E19,100
NRC1124_run1_c27839,NRC1124_run1_c27839,Plate_Source,Plate_Source,E20,Plate_Destination,Plate_Destination,E20,100
NRC1124_run1_c26493,NRC1124_run1_c26493,Plate_Source,Plate_Source,E21,Plate_Destination,Plate_Destination,E21,100
NRC1124_run1_c2369,NRC1124_run1_c2369,Plate_Source,Plate_Source,E22,Plate_Destination,Plate_Destination,E22,100
NRC1124_run1_c27943,NRC1124_run1_c27943,Plate_Source,Plate_Source,E23,Plate_Destination,Plate_Destination,E23,100
NRC1124_run1_c17334,NRC1124_run1_c17334,Plate_Source,Plate_Source,E24,Plate_Destination,Plate_Destination,E24,100
NRC1124_run1_c28273,NRC1124_run1_c28273,Plate_Source,Plate_Source,F1,Plate_Destination,Plate_Destination,F1,100
NRC1124_run1_c17381,NRC1124_run1_c17381,Plate_Source,Plate_Source,F2,Plate_Destination,Plate_Destination,F2,100
NRC1124_run1_c27786,NRC1124_run1_c27786,Plate_Source,Plate_Source,F3,Plate_Destination,Plate_Destination,F3,100
NRC1124_run1_c28095,NRC1124_run1_c28095,Plate_Source,Plate_Source,F4,Plate_Destination,Plate_Destination,F4,100
NRC1124_run1_c17610,NRC1124_run1_c17610,Plate_Source,Plate_Source,F5,Plate_Destination,Plate_Destination,F5,100
NRC1124_run1_c25833,NRC1124_run1_c25833,Plate_Source,Plate_Source,F6,Plate_Destination,Plate_Destination,F6,100
NRC1124_run1_c17562,NRC1124_run1_c17562,Plate_Source,Plate_Source,F7,Plate_Destination,Plate_Destination,F7,100
NRC1124_run1_c26236,NRC1124_run1_c26236,Plate_Source,Plate_Source,F8,Plate_Destination,Plate_Destination,F8,100
NRC1124_run1_c17649,NRC1124_run1_c17649,Plate_Source,Plate_Source,F9,Plate_Destination,Plate_Destination,F9,100
NRC1124_run1_c27898,NRC1124_run1_c27898,Plate_Source,Plate_Source,F10,Plate_Destination,Plate_Destination,F10,100
NRC1124_run1_c26044,NRC1124_run1_c26044,Plate_Source,Plate_Source,F11,Plate_Destination,Plate_Destination,F11,100
NRC1124_run1_c28369,NRC1124_run1_c28369,Plate_Source,Plate_Source,F12,Plate_Destination,Plate_Destination,F12,100
NRC1124_run1_c17525,NRC1124_run1_c17525,Plate_Source,Plate_Source,F13,Plate_Destination,Plate_Destination,F13,100
NRC1124_run1_c25932,NRC1124_run1_c25932,Plate_Source,Plate_Source,F14,Plate_Destination,Plate_Destination,F14,100
NRC1124_run1_c26359,NRC1124_run1_c26359,Plate_Source,Plate_Source,F15,Plate_Destination,Plate_Destination,F15,100
NRC1124_run1_c28331,NRC1124_run1_c28331,Plate_Source,Plate_Source,F16,Plate_Destination,Plate_Destination,F16,100
NRC1124_run1_c27925,NRC1124_run1_c27925,Plate_Source,Plate_Source,F17,Plate_Destination,Plate_Destination,F17,100
NRC1124_run1_c26486,NRC1124_run1_c26486,Plate_Source,Plate_Source,F18,Plate_Destination,Plate_Destination,F18,100
NRC1124_run1_c27715,NRC1124_run1_c27715,Plate_Source,Plate_Source,F19,Plate_Destination,Plate_Destination,F19,100
NRC1124_run1_c28225,NRC1124_run1_c28225,Plate_Source,Plate_Source,F20,Plate_Destination,Plate_Destination,F20,100
NRC1124_run1_c28358,NRC1124_run1_c28358,Plate_Source,Plate_Source,F21,Plate_Destination,Plate_Destination,F21,100
NRC1124_run1_c2391,NRC1124_run1_c2391,Plate_Source,Plate_Source,F22,Plate_Destination,Plate_Destination,F22,100
NRC1124_run1_c27974,NRC1124_run1_c27974,Plate_Source,Plate_Source,F23,Plate_Destination,Plate_Destination,F23,100
NRC1124_run1_c17353,NRC1124_run1_c17353,Plate_Source,Plate_Source,F24,Plate_Destination,Plate_Destination,F24,100
NRC1124_run1_c27995,NRC1124_run1_c27995,Plate_Source,Plate_Source,G1,Plate_Destination,Plate_Destination,G1,100
NRC1124_run1_c25918,NRC1124_run1_c25918,Plate_Source,Plate_Source,G2,Plate_Destination,Plate_Destination,G2,100
NRC1124_run1_c28371,NRC1124_run1_c28371,Plate_Source,Plate_Source,G3,Plate_Destination,Plate_Destination,G3,100
NRC1124_run1_c17342,NRC1124_run1_c17342,Plate_Source,Plate_Source,G4,Plate_Destination,Plate_Destination,G4,100
NRC1124_run1_c25819,NRC1124_run1_c25819,Plate_Source,Plate_Source,G5,Plate_Destination,Plate_Destination,G5,100
NRC1124_run1_c25930,NRC1124_run1_c25930,Plate_Source,Plate_Source,G6,Plate_Destination,Plate_Destination,G6,100
NRC1124_run1_c17582,NRC1124_run1_c17582,Plate_Source,Plate_Source,G7,Plate_Destination,Plate_Destination,G7,100
NRC1124_run1_c26380,NRC1124_run1_c26380,Plate_Source,Plate_Source,G8,Plate_Destination,Plate_Destination,G8,100
NRC1124_run1_c25752,NRC1124_run1_c25752,Plate_Source,Plate_Source,G9,Plate_Destination,Plate_Destination,G9,100
NRC1124_run1_c28061,NRC1124_run1_c28061,Plate_Source,Plate_Source,G10,Plate_Destination,Plate_Destination,G10,100
NRC1124_run1_c26091,NRC1124_run1_c26091,Plate_Source,Plate_Source,G11,Plate_Destination,Plate_Destination,G11,100
NRC1124_run1_c17592,NRC1124_run1_c17592,Plate_Source,Plate_Source,G12,Plate_Destination,Plate_Destination,G12,100
NRC1124_run1_c17565,NRC1124_run1_c17565,Plate_Source,Plate_Source,G13,Plate_Destination,Plate_Destination,G13,100
NRC1124_run1_c25969,NRC1124_run1_c25969,Plate_Source,Plate_Source,G14,Plate_Destination,Plate_Destination,G14,100
NRC1124_run1_c26361,NRC1124_run1_c26361,Plate_Source,Plate_Source,G15,Plate_Destination,Plate_Destination,G15,100
NRC1124_run1_c28336,NRC1124_run1_c28336,Plate_Source,Plate_Source,G16,Plate_Destination,Plate_Destination,G16,100
NRC1124_run1_c27947,NRC1124_run1_c27947,Plate_Source,Plate_Source,G17,Plate_Destination,Plate_Destination,G17,100
NRC1124_run1_c28084,NRC1124_run1_c28084,Plate_Source,Plate_Source,G18,Plate_Destination,Plate_Destination,G18,100
NRC1124_run1_c28114,NRC1124_run1_c28114,Plate_Source,Plate_Source,G19,Plate_Destination,Plate_Destination,G19,100
NRC1124_run1_c2544,NRC1124_run1_c2544,Plate_Source,Plate_Source,G20,Plate_Destination,Plate_Destination,G20,100
NRC1124_run1_c25926,NRC1124_run1_c25926,Plate_Source,Plate_Source,G21,Plate_Destination,Plate_Destination,G21,100
NRC1124_run1_c2418,NRC1124_run1_c2418,Plate_Source,Plate_Source,G22,Plate_Destination,Plate_Destination,G22,100
NRC1124_run1_c28041,NRC1124_run1_c28041,Plate_Source,Plate_Source,G23,Plate_Destination,Plate_Destination,G23,100
NRC1124_run1_c17369,NRC1124_run1_c17369,Plate_Source,Plate_Source,G24,Plate_Destination,Plate_Destination,G24,100
NRC1124_run1_c27790,NRC1124_run1_c27790,Plate_Source,Plate_Source,H1,Plate_Destination,Plate_Destination,H1,100
NRC1124_run1_c26230,NRC1124_run1_c26230,Plate_Source,Plate_Source,H2,Plate_Destination,Plate_Destination,H2,100
NRC1124_run1_c28046,NRC1124_run1_c28046,Plate_Source,Plate_Source,H3,Plate_Destination,Plate_Destination,H3,100
NRC1124_run1_c17427,NRC1124_run1_c17427,Plate_Source,Plate_Source,H4,Plate_Destination,Plate_Destination,H4,100
NRC1124_run1_c27858,NRC1124_run1_c27858,Plate_Source,Plate_Source,H5,Plate_Destination,Plate_Destination,H5,100
NRC1124_run1_c26307,NRC1124_run1_c26307,Plate_Source,Plate_Source,H6,Plate_Destination,Plate_Destination,H6,100
NRC1124_run1_c17599,NRC1124_run1_c17599,Plate_Source,Plate_Source,H7,Plate_Destination,Plate_Destination,H7,100
NRC1124_run1_c26420,NRC1124_run1_c26420,Plate_Source,Plate_Source,H8,Plate_Destination,Plate_Destination,H8,100
NRC1124_run1_c25915,NRC1124_run1_c25915,Plate_Source,Plate_Source,H9,Plate_Destination,Plate_Destination,H9,100
NRC1124_run1_c17400,NRC1124_run1_c17400,Plate_Source,Plate_Source,H10,Plate_Destination,Plate_Destination,H10,100
NRC1124_run1_c2612,NRC1124_run1_c2612,Plate_Source,Plate_Source,H11,Plate_Destination,Plate_Destination,H11,100
NRC1124_run1_c25804,NRC1124_run1_c25804,Plate_Source,Plate_Source,H12,Plate_Destination,Plate_Destination,H12,100
NRC1124_run1_c17587,NRC1124_run1_c17587,Plate_Source,Plate_Source,H13,Plate_Destination,Plate_Destination,H13,100
NRC1124_run1_c25974,NRC1124_run1_c25974,Plate_Source,Plate_Source,H14,Plate_Destination,Plate_Destination,H14,100
NRC1124_run1_c26373,NRC1124_run1_c26373,Plate_Source,Plate_Source,H15,Plate_Destination,Plate_Destination,H15,100
NRC1124_run1_c28390,NRC1124_run1_c28390,Plate_Source,Plate_Source,H16,Plate_Destination,Plate_Destination,H16,100
NRC1124_run1_c28002,NRC1124_run1_c28002,Plate_Source,Plate_Source,H17,Plate_Destination,Plate_Destination,H17,100
NRC1124_run1_c27697,NRC1124_run1_c27697,Plate_Source,Plate_Source,H18,Plate_Destination,Plate_Destination,H18,100
NRC1124_run1_c28379,NRC1124_run1_c28379,Plate_Source,Plate_Source,H19,Plate_Destination,Plate_Destination,H19,100
NRC1124_run1_c27662,NRC1124_run1_c27662,Plate_Source,Plate_Source,H20,Plate_Destination,Plate_Destination,H20,100
NRC1124_run1_c17373,NRC1124_run1_c17373,Plate_Source,Plate_Source,H21,Plate_Destination,Plate_Destination,H21,100
NRC1124_run1_c25834,NRC1124_run1_c25834,Plate_Source,Plate_Source,H22,Plate_Destination,Plate_Destination,H22,100
NRC1124_run1_c28298,NRC1124_run1_c28298,Plate_Source,Plate_Source,H23,Plate_Destination,Plate_Destination,H23,100
NRC1124_run1_c17374,NRC1124_run1_c17374,Plate_Source,Plate_Source,H24,Plate_Destination,Plate_Destination,H24,100
NRC1124_run1_c26262,NRC1124_run1_c26262,Plate_Source,Plate_Source,I1,Plate_Destination,Plate_Destination,I1,100
NRC1124_run1_c17410,NRC1124_run1_c17410,Plate_Source,Plate_Source,I2,Plate_Destination,Plate_Destination,I2,100
NRC1124_run1_c27802,NRC1124_run1_c27802,Plate_Source,Plate_Source,I3,Plate_Destination,Plate_Destination,I3,100
NRC1124_run1_c17443,NRC1124_run1_c17443,Plate_Source,Plate_Source,I4,Plate_Destination,Plate_Destination,I4,100
NRC1124_run1_c26221,NRC1124_run1_c26221,Plate_Source,Plate_Source,I5,Plate_Destination,Plate_Destination,I5,100
NRC1124_run1_c26478,NRC1124_run1_c26478,Plate_Source,Plate_Source,I6,Plate_Destination,Plate_Destination,I6,100
NRC1124_run1_c17616,NRC1124_run1_c17616,Plate_Source,Plate_Source,I7,Plate_Destination,Plate_Destination,I7,100
NRC1124_run1_c27663,NRC1124_run1_c27663,Plate_Source,Plate_Source,I8,Plate_Destination,Plate_Destination,I8,100
NRC1124_run1_c26003,NRC1124_run1_c26003,Plate_Source,Plate_Source,I9,Plate_Destination,Plate_Destination,I9,100
NRC1124_run1_c26402,NRC1124_run1_c26402,Plate_Source,Plate_Source,I10,Plate_Destination,Plate_Destination,I10,100
NRC1124_run1_c26213,NRC1124_run1_c26213,Plate_Source,Plate_Source,I11,Plate_Destination,Plate_Destination,I11,100
NRC1124_run1_c26360,NRC1124_run1_c26360,Plate_Source,Plate_Source,I12,Plate_Destination,Plate_Destination,I12,100
NRC1124_run1_c17624,NRC1124_run1_c17624,Plate_Source,Plate_Source,I13,Plate_Destination,Plate_Destination,I13,100
NRC1124_run1_c25975,NRC1124_run1_c25975,Plate_Source,Plate_Source,I14,Plate_Destination,Plate_Destination,I14,100
NRC1124_run1_c26375,NRC1124_run1_c26375,Plate_Source,Plate_Source,I15,Plate_Destination,Plate_Destination,I15,100
NRC1124_run1_c28402,NRC1124_run1_c28402,Plate_Source,Plate_Source,I16,Plate_Destination,Plate_Destination,I16,100
NRC1124_run1_c28008,NRC1124_run1_c28008,Plate_Source,Plate_Source,I17,Plate_Destination,Plate_Destination,I17,100
NRC1124_run1_c26272,NRC1124_run1_c26272,Plate_Source,Plate_Source,I18,Plate_Destination,Plate_Destination,I18,100
NRC1124_run1_c2403,NRC1124_run1_c2403,Plate_Source,Plate_Source,I19,Plate_Destination,Plate_Destination,I19,100
NRC1124_run1_c2594,NRC1124_run1_c2594,Plate_Source,Plate_Source,I20,Plate_Destination,Plate_Destination,I20,100
NRC1124_run1_c2411,NRC1124_run1_c2411,Plate_Source,Plate_Source,I21,Plate_Destination,Plate_Destination,I21,100
NRC1124_run1_c25891,NRC1124_run1_c25891,Plate_Source,Plate_Source,I22,Plate_Destination,Plate_Destination,I22,100
NRC1124_run1_c17332,NRC1124_run1_c17332,Plate_Source,Plate_Source,I23,Plate_Destination,Plate_Destination,I23,100
NRC1124_run1_c17399,NRC1124_run1_c17399,Plate_Source,Plate_Source,I24,Plate_Destination,Plate_Destination,I24,100
NRC1124_run1_c28075,NRC1124_run1_c28075,Plate_Source,Plate_Source,J1,Plate_Destination,Plate_Destination,J1,100
NRC1124_run1_c26020,NRC1124_run1_c26020,Plate_Source,Plate_Source,J2,Plate_Destination,Plate_Destination,J2,100
NRC1124_run1_c28039,NRC1124_run1_c28039,Plate_Source,Plate_Source,J3,Plate_Destination,Plate_Destination,J3,100
NRC1124_run1_c17468,NRC1124_run1_c17468,Plate_Source,Plate_Source,J4,Plate_Destination,Plate_Destination,J4,100
NRC1124_run1_c17607,NRC1124_run1_c17607,Plate_Source,Plate_Source,J5,Plate_Destination,Plate_Destination,J5,100
NRC1124_run1_c27926,NRC1124_run1_c27926,Plate_Source,Plate_Source,J6,Plate_Destination,Plate_Destination,J6,100
NRC1124_run1_c17639,NRC1124_run1_c17639,Plate_Source,Plate_Source,J7,Plate_Destination,Plate_Destination,J7,100
NRC1124_run1_c27707,NRC1124_run1_c27707,Plate_Source,Plate_Source,J8,Plate_Destination,Plate_Destination,J8,100
NRC1124_run1_c26082,NRC1124_run1_c26082,Plate_Source,Plate_Source,J9,Plate_Destination,Plate_Destination,J9,100
NRC1124_run1_c28415,NRC1124_run1_c28415,Plate_Source,Plate_Source,J10,Plate_Destination,Plate_Destination,J10,100
NRC1124_run1_c26393,NRC1124_run1_c26393,Plate_Source,Plate_Source,J11,Plate_Destination,Plate_Destination,J11,100
NRC1124_run1_c26205,NRC1124_run1_c26205,Plate_Source,Plate_Source,J12,Plate_Destination,Plate_Destination,J12,100
NRC1124_run1_c2379,NRC1124_run1_c2379,Plate_Source,Plate_Source,J13,Plate_Destination,Plate_Destination,J13,100
NRC1124_run1_c25997,NRC1124_run1_c25997,Plate_Source,Plate_Source,J14,Plate_Destination,Plate_Destination,J14,100
NRC1124_run1_c26451,NRC1124_run1_c26451,Plate_Source,Plate_Source,J15,Plate_Destination,Plate_Destination,J15,100
NRC1124_run1_c17559,NRC1124_run1_c17559,Plate_Source,Plate_Source,J16,Plate_Destination,Plate_Destination,J16,100
NRC1124_run1_c28036,NRC1124_run1_c28036,Plate_Source,Plate_Source,J17,Plate_Destination,Plate_Destination,J17,100
NRC1124_run1_c26432,NRC1124_run1_c26432,Plate_Source,Plate_Source,J18,Plate_Destination,Plate_Destination,J18,100
NRC1124_run1_c17291,NRC1124_run1_c17291,Plate_Source,Plate_Source,J19,Plate_Destination,Plate_Destination,J19,100
NRC1124_run1_c26229,NRC1124_run1_c26229,Plate_Source,Plate_Source,J20,Plate_Destination,Plate_Destination,J20,100
NRC1124_run1_c26071,NRC1124_run1_c26071,Plate_Source,Plate_Source,J21,Plate_Destination,Plate_Destination,J21,100
NRC1124_run1_c26076,NRC1124_run1_c26076,Plate_Source,Plate_Source,J22,Plate_Destination,Plate_Destination,J22,100
NRC1124_run1_c25740,NRC1124_run1_c25740,Plate_Source,Plate_Source,J23,Plate_Destination,Plate_Destination,J23,100
NRC1124_run1_c17434,NRC1124_run1_c17434,Plate_Source,Plate_Source,J24,Plate_Destination,Plate_Destination,J24,100
NRC1124_run1_c26216,NRC1124_run1_c26216,Plate_Source,Plate_Source,K1,Plate_Destination,Plate_Destination,K1,100
NRC1124_run1_c26190,NRC1124_run1_c26190,Plate_Source,Plate_Source,K2,Plate_Destination,Plate_Destination,K2,100
NRC1124_run1_c28071,NRC1124_run1_c28071,Plate_Source,Plate_Source,K3,Plate_Destination,Plate_Destination,K3,100
NRC1124_run1_c17478,NRC1124_run1_c17478,Plate_Source,Plate_Source,K4,Plate_Destination,Plate_Destination,K4,100
NRC1124_run1_c25811,NRC1124_run1_c25811,Plate_Source,Plate_Source,K5,Plate_Destination,Plate_Destination,K5,100
NRC1124_run1_c26345,NRC1124_run1_c26345,Plate_Source,Plate_Source,K6,Plate_Destination,Plate_Destination,K6,100
NRC1124_run1_c17642,NRC1124_run1_c17642,Plate_Source,Plate_Source,K7,Plate_Destination,Plate_Destination,K7,100
NRC1124_run1_c27749,NRC1124_run1_c27749,Plate_Source,Plate_Source,K8,Plate_Destination,Plate_Destination,K8,100
NRC1124_run1_c28068,NRC1124_run1_c28068,Plate_Source,Plate_Source,K9,Plate_Destination,Plate_Destination,K9,100
NRC1124_run1_c17285,NRC1124_run1_c17285,Plate_Source,Plate_Source,K10,Plate_Destination,Plate_Destination,K10,100
NRC1124_run1_c26446,NRC1124_run1_c26446,Plate_Source,Plate_Source,K11,Plate_Destination,Plate_Destination,K11,100
NRC1124_run1_c2483,NRC1124_run1_c2483,Plate_Source,Plate_Source,K12,Plate_Destination,Plate_Destination,K12,100
NRC1124_run1_c2383,NRC1124_run1_c2383,Plate_Source,Plate_Source,K13,Plate_Destination,Plate_Destination,K13,100
NRC1124_run1_c26002,NRC1124_run1_c26002,Plate_Source,Plate_Source,K14,Plate_Destination,Plate_Destination,K14,100
NRC1124_run1_c27740,NRC1124_run1_c27740,Plate_Source,Plate_Source,K15,Plate_Destination,Plate_Destination,K15,100
NRC1124_run1_c17358,NRC1124_run1_c17358,Plate_Source,Plate_Source,K16,Plate_Destination,Plate_Destination,K16,100
NRC1124_run1_c28164,NRC1124_run1_c28164,Plate_Source,Plate_Source,K17,Plate_Destination,Plate_Destination,K17,100
NRC1124_run1_c26102,NRC1124_run1_c26102,Plate_Source,Plate_Source,K18,Plate_Destination,Plate_Destination,K18,100
NRC1124_run1_c17383,NRC1124_run1_c17383,Plate_Source,Plate_Source,K19,Plate_Destination,Plate_Destination,K19,100
NRC1124_run1_c26396,NRC1124_run1_c26396,Plate_Source,Plate_Source,K20,Plate_Destination,Plate_Destination,K20,100
NRC1124_run1_c28245,NRC1124_run1_c28245,Plate_Source,Plate_Source,K21,Plate_Destination,Plate_Destination,K21,100
NRC1124_run1_c26084,NRC1124_run1_c26084,Plate_Source,Plate_Source,K22,Plate_Destination,Plate_Destination,K22,100
NRC1124_run1_c26181,NRC1124_run1_c26181,Plate_Source,Plate_Source,K23,Plate_Destination,Plate_Destination,K23,100
NRC1124_run1_c17439,NRC1124_run1_c17439,Plate_Source,Plate_Source,K24,Plate_Destination,Plate_Destination,K24,100
NRC1124_run1_c2580,NRC1124_run1_c2580,Plate_Source,Plate_Source,L1,Plate_Destination,Plate_Destination,L1,100
NRC1124_run1_c26011,NRC1124_run1_c26011,Plate_Source,Plate_Source,L2,Plate_Destination,Plate_Destination,L2,100
NRC1124_run1_c26289,NRC1124_run1_c26289,Plate_Source,Plate_Source,L3,Plate_Destination,Plate_Destination,L3,100
NRC1124_run1_c26363,NRC1124_run1_c26363,Plate_Source,Plate_Source,L4,Plate_Destination,Plate_Destination,L4,100
NRC1124_run1_c26410,NRC1124_run1_c26410,Plate_Source,Plate_Source,L5,Plate_Destination,Plate_Destination,L5,100
NRC1124_run1_c17554,NRC1124_run1_c17554,Plate_Source,Plate_Source,L6,Plate_Destination,Plate_Destination,L6,100
NRC1124_run1_c2363,NRC1124_run1_c2363,Plate_Source,Plate_Source,L7,Plate_Destination,Plate_Destination,L7,100
NRC1124_run1_c27777,NRC1124_run1_c27777,Plate_Source,Plate_Source,L8,Plate_Destination,Plate_Destination,L8,100
NRC1124_run1_c2521,NRC1124_run1_c2521,Plate_Source,Plate_Source,L9,Plate_Destination,Plate_Destination,L9,100
NRC1124_run1_c17395,NRC1124_run1_c17395,Plate_Source,Plate_Source,L10,Plate_Destination,Plate_Destination,L10,100
NRC1124_run1_c27833,NRC1124_run1_c27833,Plate_Source,Plate_Source,L11,Plate_Destination,Plate_Destination,L11,100
NRC1124_run1_c17613,NRC1124_run1_c17613,Plate_Source,Plate_Source,L12,Plate_Destination,Plate_Destination,L12,100
NRC1124_run1_c2478,NRC1124_run1_c2478,Plate_Source,Plate_Source,L13,Plate_Destination,Plate_Destination,L13,100
NRC1124_run1_c26024,NRC1124_run1_c26024,Plate_Source,Plate_Source,L14,Plate_Destination,Plate_Destination,L14,100
NRC1124_run1_c27756,NRC1124_run1_c27756,Plate_Source,Plate_Source,L15,Plate_Destination,Plate_Destination,L15,100
NRC1124_run1_c28384,NRC1124_run1_c28384,Plate_Source,Plate_Source,L16,Plate_Destination,Plate_Destination,L16,100
NRC1124_run1_c28201,NRC1124_run1_c28201,Plate_Source,Plate_Source,L17,Plate_Destination,Plate_Destination,L17,100
NRC1124_run1_c27809,NRC1124_run1_c27809,Plate_Source,Plate_Source,L18,Plate_Destination,Plate_Destination,L18,100
NRC1124_run1_c17405,NRC1124_run1_c17405,Plate_Source,Plate_Source,L19,Plate_Destination,Plate_Destination,L19,100
NRC1124_run1_c17290,NRC1124_run1_c17290,Plate_Source,Plate_Source,L20,Plate_Destination,Plate_Destination,L20,100
NRC1124_run1_c25787,NRC1124_run1_c25787,Plate_Source,Plate_Source,L21,Plate_Destination,Plate_Destination,L21,100
NRC1124_run1_c26141,NRC1124_run1_c26141,Plate_Source,Plate_Source,L22,Plate_Destination,Plate_Destination,L22,100
NRC1124_run1_c26364,NRC1124_run1_c26364,Plate_Source,Plate_Source,L23,Plate_Destination,Plate_Destination,L23,100
NRC1124_run1_c17457,NRC1124_run1_c17457,Plate_Source,Plate_Source,L24,Plate_Destination,Plate_Destination,L24,100
NRC1124_run1_c27999,NRC1124_run1_c27999,Plate_Source,Plate_Source,M1,Plate_Destination,Plate_Destination,M1,100
NRC1124_run1_c26113,NRC1124_run1_c26113,Plate_Source,Plate_Source,M2,Plate_Destination,Plate_Destination,M2,100
NRC1124_run1_c28134,NRC1124_run1_c28134,Plate_Source,Plate_Source,M3,Plate_Destination,Plate_Destination,M3,100
NRC1124_run1_c27861,NRC1124_run1_c27861,Plate_Source,Plate_Source,M4,Plate_Destination,Plate_Destination,M4,100
NRC1124_run1_c26491,NRC1124_run1_c26491,Plate_Source,Plate_Source,M5,Plate_Destination,Plate_Destination,M5,100
NRC1124_run1_c2603,NRC1124_run1_c2603,Plate_Source,Plate_Source,M6,Plate_Destination,Plate_Destination,M6,100
NRC1124_run1_c2367,NRC1124_run1_c2367,Plate_Source,Plate_Source,M7,Plate_Destination,Plate_Destination,M7,100
NRC1124_run1_c27862,NRC1124_run1_c27862,Plate_Source,Plate_Source,M8,Plate_Destination,Plate_Destination,M8,100
NRC1124_run1_c28111,NRC1124_run1_c28111,Plate_Source,Plate_Source,M9,Plate_Destination,Plate_Destination,M9,100
NRC1124_run1_c17558,NRC1124_run1_c17558,Plate_Source,Plate_Source,M10,Plate_Destination,Plate_Destination,M10,100
NRC1124_run1_c27848,NRC1124_run1_c27848,Plate_Source,Plate_Source,M11,Plate_Destination,Plate_Destination,M11,100
NRC1124_run1_c2421,NRC1124_run1_c2421,Plate_Source,Plate_Source,M12,Plate_Destination,Plate_Destination,M12,100
NRC1124_run1_c2545,NRC1124_run1_c2545,Plate_Source,Plate_Source,M13,Plate_Destination,Plate_Destination,M13,100
NRC1124_run1_c26045,NRC1124_run1_c26045,Plate_Source,Plate_Source,M14,Plate_Destination,Plate_Destination,M14,100
NRC1124_run1_c27846,NRC1124_run1_c27846,Plate_Source,Plate_Source,M15,Plate_Destination,Plate_Destination,M15,100
NRC1124_run1_c26203,NRC1124_run1_c26203,Plate_Source,Plate_Source,M16,Plate_Destination,Plate_Destination,M16,100
NRC1124_run1_c28294,NRC1124_run1_c28294,Plate_Source,Plate_Source,M17,Plate_Destination,Plate_Destination,M17,100
NRC1124_run1_c27889,NRC1124_run1_c27889,Plate_Source,Plate_Source,M18,Plate_Destination,Plate_Destination,M18,100
NRC1124_run1_c17552,NRC1124_run1_c17552,Plate_Source,Plate_Source,M19,Plate_Destination,Plate_Destination,M19,100
NRC1124_run1_c27773,NRC1124_run1_c27773,Plate_Source,Plate_Source,M20,Plate_Destination,Plate_Destination,M20,100
NRC1124_run1_c25911,NRC1124_run1_c25911,Plate_Source,Plate_Source,M21,Plate_Destination,Plate_Destination,M21,100
NRC1124_run1_c26191,NRC1124_run1_c26191,Plate_Source,Plate_Source,M22,Plate_Destination,Plate_Destination,M22,100
NRC1124_run1_c28076,NRC1124_run1_c28076,Plate_Source,Plate_Source,M23,Plate_Destination,Plate_Destination,M23,100
NRC1124_run1_c17474,NRC1124_run1_c17474,Plate_Source,Plate_Source,M24,Plate_Destination,Plate_Destination,M24,100
NRC1124_run1_c17396,NRC1124_run1_c17396,Plate_Source,Plate_Source,N1,Plate_Destination,Plate_Destination,N1,100
NRC1124_run1_c27944,NRC1124_run1_c27944,Plate_Source,Plate_Source,N2,Plate_Destination,Plate_Destination,N2,100
NRC1124_run1_c28276,NRC1124_run1_c28276,Plate_Source,Plate_Source,N3,Plate_Destination,Plate_Destination,N3,100
NRC1124_run1_c27970,NRC1124_run1_c27970,Plate_Source,Plate_Source,N4,Plate_Destination,Plate_Destination,N4,100
NRC1124_run1_c27733,NRC1124_run1_c27733,Plate_Source,Plate_Source,N5,Plate_Destination,Plate_Destination,N5,100
NRC1124_run1_c28275,NRC1124_run1_c28275,Plate_Source,Plate_Source,N6,Plate_Destination,Plate_Destination,N6,100
NRC1124_run1_c2386,NRC1124_run1_c2386,Plate_Source,Plate_Source,N7,Plate_Destination,Plate_Destination,N7,100
NRC1124_run1_c27911,NRC1124_run1_c27911,Plate_Source,Plate_Source,N8,Plate_Destination,Plate_Destination,N8,100
NRC1124_run1_c17653,NRC1124_run1_c17653,Plate_Source,Plate_Source,N9,Plate_Destination,Plate_Destination,N9,100
NRC1124_run1_c2385,NRC1124_run1_c2385,Plate_Source,Plate_Source,N10,Plate_Destination,Plate_Destination,N10,100
NRC1124_run1_c27895,NRC1124_run1_c27895,Plate_Source,Plate_Source,N11,Plate_Destination,Plate_Destination,N11,100
NRC1124_run1_c17309,NRC1124_run1_c17309,Plate_Source,Plate_Source,N12,Plate_Destination,Plate_Destination,N12,100
NRC1124_run1_c25766,NRC1124_run1_c25766,Plate_Source,Plate_Source,N13,Plate_Destination,Plate_Destination,N13,100
NRC1124_run1_c26074,NRC1124_run1_c26074,Plate_Source,Plate_Source,N14,Plate_Destination,Plate_Destination,N14,100
NRC1124_run1_c27919,NRC1124_run1_c27919,Plate_Source,Plate_Source,N15,Plate_Destination,Plate_Destination,N15,100
NRC1124_run1_c2525,NRC1124_run1_c2525,Plate_Source,Plate_Source,N16,Plate_Destination,Plate_Destination,N16,100
NRC1124_run1_c28391,NRC1124_run1_c28391,Plate_Source,Plate_Source,N17,Plate_Destination,Plate_Destination,N17,100
NRC1124_run1_c25946,NRC1124_run1_c25946,Plate_Source,Plate_Source,N18,Plate_Destination,Plate_Destination,N18,100
NRC1124_run1_c17626,NRC1124_run1_c17626,Plate_Source,Plate_Source,N19,Plate_Destination,Plate_Destination,N19,100
NRC1124_run1_c17620,NRC1124_run1_c17620,Plate_Source,Plate_Source,N20,Plate_Destination,Plate_Destination,N20,100
NRC1124_run1_c17377,NRC1124_run1_c17377,Plate_Source,Plate_Source,N21,Plate_Destination,Plate_Destination,N21,100
NRC1124_run1_c26283,NRC1124_run1_c26283,Plate_Source,Plate_Source,N22,Plate_Destination,Plate_Destination,N22,100
NRC1124_run1_c28352,NRC1124_run1_c28352,Plate_Source,Plate_Source,N23,Plate_Destination,Plate_Destination,N23,100
NRC1124_run1_c17491,NRC1124_run1_c17491,Plate_Source,Plate_Source,N24,Plate_Destination,Plate_Destination,N24,100
NRC1124_run1_c26252,NRC1124_run1_c26252,Plate_Source,Plate_Source,O1,Plate_Destination,Plate_Destination,O1,100
NRC1124_run1_c17338,NRC1124_run1_c17338,Plate_Source,Plate_Source,O2,Plate_Destination,Plate_Destination,O2,100
NRC1124_run1_c17425,NRC1124_run1_c17425,Plate_Source,Plate_Source,O3,Plate_Destination,Plate_Destination,O3,100
NRC1124_run1_c28320,NRC1124_run1_c28320,Plate_Source,Plate_Source,O4,Plate_Destination,Plate_Destination,O4,100
NRC1124_run1_c28307,NRC1124_run1_c28307,Plate_Source,Plate_Source,O5,Plate_Destination,Plate_Destination,O5,100
NRC1124_run1_c26337,NRC1124_run1_c26337,Plate_Source,Plate_Source,O6,Plate_Destination,Plate_Destination,O6,100
NRC1124_run1_c2562,NRC1124_run1_c2562,Plate_Source,Plate_Source,O7,Plate_Destination,Plate_Destination,O7,100
NRC1124_run1_c28040,NRC1124_run1_c28040,Plate_Source,Plate_Source,O8,Plate_Destination,Plate_Destination,O8,100
NRC1124_run1_c2397,NRC1124_run1_c2397,Plate_Source,Plate_Source,O9,Plate_Destination,Plate_Destination,O9,100
NRC1124_run1_c25744,NRC1124_run1_c25744,Plate_Source,Plate_Source,O10,Plate_Destination,Plate_Destination,O10,100
NRC1124_run1_c27969,NRC1124_run1_c27969,Plate_Source,Plate_Source,O11,Plate_Destination,Plate_Destination,O11,100
NRC1124_run1_c26336,NRC1124_run1_c26336,Plate_Source,Plate_Source,O12,Plate_Destination,Plate_Destination,O12,100
NRC1124_run1_c25803,NRC1124_run1_c25803,Plate_Source,Plate_Source,O13,Plate_Destination,Plate_Destination,O13,100
NRC1124_run1_c2613,NRC1124_run1_c2613,Plate_Source,Plate_Source,O14,Plate_Destination,Plate_Destination,O14,100
NRC1124_run1_c27957,NRC1124_run1_c27957,Plate_Source,Plate_Source,O15,Plate_Destination,Plate_Destination,O15,100
NRC1124_run1_c17497,NRC1124_run1_c17497,Plate_Source,Plate_Source,O16,Plate_Destination,Plate_Destination,O16,100
NRC1124_run1_c28412,NRC1124_run1_c28412,Plate_Source,Plate_Source,O17,Plate_Destination,Plate_Destination,O17,100
NRC1124_run1_c17333,NRC1124_run1_c17333,Plate_Source,Plate_Source,O18,Plate_Destination,Plate_Destination,O18,100
NRC1124_run1_c2528,NRC1124_run1_c2528,Plate_Source,Plate_Source,O19,Plate_Destination,Plate_Destination,O19,100
NRC1124_run1_c26067,NRC1124_run1_c26067,Plate_Source,Plate_Source,O20,Plate_Destination,Plate_Destination,O20,100
NRC1124_run1_c26194,NRC1124_run1_c26194,Plate_Source,Plate_Source,O21,Plate_Destination,Plate_Destination,O21,100
NRC1124_run1_c26482,NRC1124_run1_c26482,Plate_Source,Plate_Source,O22,Plate_Destination,Plate_Destination,O22,100
NRC1124_run1_c28007,NRC1124_run1_c28007,Plate_Source,Plate_Source,O23,Plate_Destination,Plate_Destination,O23,100
NRC1124_run1_c17508,NRC1124_run1_c17508,Plate_Source,Plate_Source,O24,Plate_Destination,Plate_Destination,O24,100
NRC1124_run1_c28206,NRC1124_run1_c28206,Plate_Source,Plate_Source,P1,Plate_Destination,Plate_Destination,P1,100
NRC1124_run1_c2625,NRC1124_run1_c2625,Plate_Source,Plate_Source,P2,Plate_Destination,Plate_Destination,P2,100
NRC1124_run1_c2546,NRC1124_run1_c2546,Plate_Source,Plate_Source,P3,Plate_Destination,Plate_Destination,P3,100
NRC1124_run1_c28403,NRC1124_run1_c28403,Plate_Source,Plate_Source,P4,Plate_Destination,Plate_Destination,P4,100
NRC1124_run1_c28366,NRC1124_run1_c28366,Plate_Source,Plate_Source,P5,Plate_Destination,Plate_Destination,P5,100
NRC1124_run1_c2404,NRC1124_run1_c2404,Plate_Source,Plate_Source,P6,Plate_Destination,Plate_Destination,P6,100
NRC1124_run1_c25880,NRC1124_run1_c25880,Plate_Source,Plate_Source,P7,Plate_Destination,Plate_Destination,P7,100
NRC1124_run1_c28110,NRC1124_run1_c28110,Plate_Source,Plate_Source,P8,Plate_Destination,Plate_Destination,P8,100
NRC1124_run1_c2576,NRC1124_run1_c2576,Plate_Source,Plate_Source,P9,Plate_Destination,Plate_Destination,P9,100
NRC1124_run1_c25755,NRC1124_run1_c25755,Plate_Source,Plate_Source,P10,Plate_Destination,Plate_Destination,P10,100
NRC1124_run1_c27990,NRC1124_run1_c27990,Plate_Source,Plate_Source,P11,Plate_Destination,Plate_Destination,P11,100
NRC1124_run1_c17413,NRC1124_run1_c17413,Plate_Source,Plate_Source,P12,Plate_Destination,Plate_Destination,P12,100
NRC1124_run1_c25822,NRC1124_run1_c25822,Plate_Source,Plate_Source,P13,Plate_Destination,Plate_Destination,P13,100
NRC1124_run1_c26138,NRC1124_run1_c26138,Plate_Source,Plate_Source,P14,Plate_Destination,Plate_Destination,P14,100
NRC1124_run1_c27982,NRC1124_run1_c27982,Plate_Source,Plate_Source,P15,Plate_Destination,Plate_Destination,P15,100
NRC1124_run1_c2390,NRC1124_run1_c2390,Plate_Source,Plate_Source,P16,Plate_Destination,Plate_Destination,P16,100
NRC1124_run1_c25767,NRC1124_run1_c25767,Plate_Source,Plate_Source,P17,Plate_Destination,Plate_Destination,P17,100
NRC1124_run1_c17600,NRC1124_run1_c17600,Plate_Source,Plate_Source,P18,Plate_Destination,Plate_Destination,P18,100
NRC1124_run1_c2547,NRC1124_run1_c2547,Plate_Source,Plate_Source,P19,Plate_Destination,Plate_Destination,P19,100
NRC1124_run1_c17622,NRC1124_run1_c17622,Plate_Source,Plate_Source,P20,Plate_Destination,Plate_Destination,P20,100
NRC1124_run1_c17283,NRC1124_run1_c17283,Plate_Source,Plate_Source,P21,Plate_Destination,Plate_Destination,P21,100
NRC1124_run1_c27704,NRC1124_run1_c27704,Plate_Source,Plate_Source,P22,Plate_Destination,Plate_Destination,P22,100
NRC1124_run1_c26119,NRC1124_run1_c26119,Plate_Source,Plate_Source,P23,Plate_Destination,Plate_Destination,P23,100
NRC1124_run1_c17645,NRC1124_run1_c17645,Plate_Source,Plate_Source,P24,Plate_Destination,Plate_Destination,P24,100